mean,sd,var
13.20127,1.086805,COX
59.63951,9.049608,Age
