mean,sd,var
15.370829484122,1.09534876966487,COX
66.0943807965085,9.05974444998421,Age
