"intercept","scaling_factor"
-0.847977890489206,-2.32763450853725
