"intercept","scaling_factor"
-0.0502893445253186,-4.76348378687217
